method,n,MAPE_mean,MAPE_std,MdAPE,within_10pct,Bias
rf_with_source4,881.2,8.175550042114958,1.165018788752723,5.112452764341301,75.30692034664793,1.6425777733052762
"mean(1,4)",881.2,8.548800072834876,1.0896764088687394,4.769387165989326,74.55766869744492,-0.8462124012549455
source_1,700.8,8.802815073522002,0.8619916182906047,5.518870476776501,71.2257379240958,-2.9362419297261155
rf_without_source4,881.2,9.111761269564315,1.0878780351189181,6.072322843135117,70.83606806324498,1.7084713409294447
source_4,881.2,9.69135510493497,0.8738046268730364,5.130424912590252,71.31202689172528,0.21448720558670323
woz_value,877.6,12.558392308512493,1.0527111256486477,10.398652565942555,47.67447866775005,-9.637214748836161
