dataset,rows,track_a_rows,RF_MAPE_mean,RF_MAPE_std,source_1_cov%,source_2_cov%,source_3_cov%,source_4_cov%,woz_value_cov%
gold,31140,9829,7.0882701161598645,0.24827821907989855,66.61528580603725,64.3994861913937,68.47784200385357,14.149004495825304,99.52793834296725
relaxed,42057,14092,7.064496812376026,0.10381790548628761,66.32902965023658,64.62895594074708,70.94895023420595,13.022802387236371,99.57200941579285
